frame,time_s,mean_delta_255,mean_luma_255,mean_edge_255
0,0.0,0,14.91434,3.595696
1,0.016667,0.151962,14.869913,3.563168
2,0.033333,0.057986,14.873629,3.562088
3,0.05,0.071858,14.873229,3.561745
4,0.066667,0.095017,14.875747,3.562484
5,0.083333,0.087552,14.885625,3.565256
6,0.1,0.065764,14.88375,3.564957
7,0.116667,0.082153,14.883854,3.570045
8,0.133333,0.078368,14.885417,3.570901
9,0.15,0.070451,14.884514,3.57177
10,0.166667,0.07559,14.887813,3.573895
11,0.183333,0.097448,14.896684,3.578689
12,0.2,0.21184,14.898559,3.572636
13,0.216667,0.111181,14.913073,3.57966
14,0.233333,0.097691,14.915139,3.578737
15,0.25,0.064497,14.917656,3.57811
16,0.266667,0.082257,14.92217,3.575797
17,0.283333,0.086337,14.926007,3.579064
18,0.3,0.103837,14.923872,3.576972
19,0.316667,0.10559,14.927448,3.579077
20,0.333333,0.092031,14.929827,3.584234
21,0.35,0.106458,14.943264,3.588538
22,0.366667,0.105382,14.946527,3.594337
23,0.383333,0.099757,14.951041,3.595471
24,0.4,0.074878,14.953108,3.598326
25,0.416667,0.083316,14.956528,3.5959
26,0.433333,0.135885,14.967205,3.605141
27,0.45,0.079288,14.963959,3.604924
28,0.466667,0.093368,14.969131,3.603199
29,0.483333,0.112847,14.970938,3.601386
30,0.5,0.093628,14.985712,3.599663
31,0.516667,0.132604,14.988559,3.59688
32,0.533333,0.253125,14.995226,3.588753
33,0.55,0.07625,14.995226,3.588683
34,0.566667,0.124757,15.000434,3.586539
35,0.583333,0.09875,15.002239,3.586855
36,0.6,0.114965,15.019497,3.594336
37,0.616667,0.110365,15.022014,3.597528
38,0.633333,0.116215,15.029861,3.601399
39,0.65,0.109219,15.02842,3.603805
40,0.666667,0.136181,15.037101,3.607885
41,0.683333,0.100833,15.042101,3.612087
42,0.7,0.126823,15.04007,3.612684
43,0.716667,0.102778,15.044861,3.614774
44,0.733333,0.129149,15.065746,3.62011
45,0.75,0.103924,15.068906,3.624524
46,0.766667,0.113681,15.080607,3.624006
47,0.783333,0.111771,15.083282,3.623206
48,0.8,0.250226,15.094791,3.62908
49,0.816667,0.166076,15.097777,3.632338
50,0.833333,0.338212,15.107587,3.636682
51,0.85,0.10809,15.111024,3.642332
52,0.866667,0.113802,15.122048,3.648152
53,0.883333,0.155538,15.125747,3.654076
54,0.9,0.114774,15.132639,3.661124
55,0.916667,0.136979,15.138924,3.663313
56,0.933333,0.09401,15.138247,3.663417
57,0.95,0.119219,15.144444,3.665004
58,0.966667,0.141094,15.148247,3.66536
59,0.983333,0.120833,15.158385,3.668287
60,1.0,0.123889,15.164496,3.672125
61,1.016667,0.118663,15.172882,3.676972
62,1.033333,0.283368,15.178611,3.68744
63,1.05,0.125538,15.184948,3.691512
64,1.066667,0.140226,15.196458,3.6904
65,1.083333,0.110799,15.198472,3.692038
66,1.1,0.124462,15.208559,3.690432
67,1.116667,0.136354,15.218663,3.688084
68,1.133333,0.132049,15.229497,3.687481
69,1.15,0.116233,15.231875,3.690651
70,1.166667,0.151997,15.246962,3.696048
71,1.183333,0.153594,15.266389,3.703228
72,1.2,0.085885,15.264601,3.706005
73,1.216667,0.154062,15.271927,3.707957
74,1.233333,0.11625,15.268767,3.713064
75,1.25,0.139583,15.279253,3.715014
76,1.266667,0.145972,15.280365,3.716656
77,1.283333,0.241615,15.28927,3.72131
78,1.3,0.156094,15.29717,3.720669
79,1.316667,0.116458,15.301719,3.722115
80,1.333333,0.13184,15.315122,3.724972
81,1.35,0.15941,15.321337,3.731755
82,1.366667,0.124288,15.321146,3.736877
83,1.383333,0.148767,15.321406,3.740519
84,1.4,0.111146,15.327795,3.743953
85,1.416667,0.134792,15.347795,3.746796
86,1.433333,0.102031,15.350555,3.74903
87,1.45,0.168785,15.35809,3.748296
88,1.466667,0.102951,15.364062,3.746957
89,1.483333,0.145885,15.381684,3.752996
90,1.5,0.114514,15.382275,3.750541
91,1.516667,0.291597,15.398108,3.745411
92,1.533333,0.123212,15.399652,3.744089
93,1.55,0.126285,15.414202,3.740677
94,1.566667,0.13026,15.42415,3.744599
95,1.583333,0.119323,15.425625,3.74595
96,1.6,0.156528,15.447882,3.753724
97,1.616667,0.127951,15.453264,3.753938
98,1.633333,0.145521,15.458438,3.763341
99,1.65,0.123021,15.460034,3.764091
100,1.666667,0.145816,15.451545,3.749788
101,1.683333,0.115365,15.452708,3.752489
102,1.7,0.161944,15.461771,3.7567
103,1.716667,0.124479,15.467952,3.762111
104,1.733333,0.100295,15.473247,3.762547
105,1.75,0.137378,15.490799,3.769092
106,1.766667,0.268472,15.489202,3.764603
107,1.783333,0.119653,15.50375,3.769767
108,1.8,0.138941,15.505642,3.772983
109,1.816667,0.100556,15.510434,3.77656
110,1.833333,0.138108,15.512362,3.774348
111,1.85,0.124705,15.518837,3.779369
112,1.866667,0.110122,15.525278,3.778641
113,1.883333,0.12974,15.532517,3.778418
114,1.9,0.117865,15.534792,3.781594
115,1.916667,0.108125,15.546979,3.780927
116,1.933333,0.128576,15.553368,3.780215
117,1.95,0.13276,15.558941,3.776823
118,1.966667,0.093785,15.562726,3.778759
119,1.983333,0.117361,15.55842,3.775856
120,2.0,0.13974,15.565278,3.780105
121,2.016667,0.080799,15.570278,3.784603
122,2.033333,0.158438,15.580521,3.793176
123,2.05,0.238646,15.584583,3.797724
124,2.066667,0.103628,15.584357,3.802277
125,2.083333,0.352656,15.576284,3.812466
126,2.1,0.267014,15.560278,3.816916
127,2.116667,1.129149,15.430365,3.764048
128,2.133333,1.831094,15.059375,3.54571
129,2.15,2.606945,14.479097,3.143064
130,2.166667,2.663594,13.605434,2.557314
131,2.183333,1.931302,12.363472,1.717621
132,2.2,0.679757,11.742604,1.303946
133,2.216667,0.028003,11.744253,1.302097
134,2.233333,0.029774,11.748055,1.302636
135,2.25,0.030122,11.750052,1.304792
136,2.266667,0.079913,11.758229,1.295659
137,2.283333,0.032135,11.759566,1.295571
138,2.3,0.138281,11.757118,1.318014
139,2.316667,0.10467,11.760052,1.318156
140,2.333333,0.185087,11.762917,1.317436
141,2.35,0.289514,11.770452,1.324294
142,2.366667,0.456528,11.779098,1.314317
143,2.383333,0.460295,11.789879,1.297067
144,2.4,0.494913,11.806355,1.310048
145,2.416667,0.527951,11.831007,1.356518
146,2.433333,0.560677,11.858177,1.388752
147,2.45,0.756406,11.907986,1.446239
148,2.466667,0.959635,11.974462,1.448726
149,2.483333,1.212604,12.057934,1.541172
150,2.5,5.322413,12.201805,1.936169
151,2.516667,1.845573,12.319601,1.900182
152,2.533333,1.469601,12.396632,2.073745
153,2.55,1.396215,12.458472,2.096108
154,2.566667,1.241719,12.503698,2.073357
155,2.583333,0.735156,12.521076,2.205496
156,2.6,0.634028,12.560695,2.262849
157,2.616667,0.702448,12.555434,2.259768
158,2.633333,0.591771,12.596372,2.285078
159,2.65,0.720747,12.582604,2.203694
160,2.666667,0.289566,12.594323,2.207852
161,2.683333,0.195174,12.600399,2.22603
162,2.7,0.112378,12.60684,2.229364
163,2.716667,0.133733,12.608281,2.200686
164,2.733333,0.021823,12.610937,2.198822
165,2.75,0.082222,12.607257,2.220108
166,2.766667,0.038299,12.622743,2.229395
167,2.783333,0.036615,12.623941,2.230268
168,2.8,0.027292,12.627622,2.233131
169,2.816667,0.028802,12.634896,2.23895
170,2.833333,0.038819,12.652257,2.249566
171,2.85,0.536858,13.131511,2.566441
172,2.866667,1.062483,13.820625,3.013494
173,2.883333,1.334601,14.402552,3.376431
174,2.9,1.435625,14.887726,3.667333
175,2.916667,1.321406,15.28566,3.896212
176,2.933333,1.199531,15.620643,4.048794
177,2.95,1.006024,15.880938,4.185718
178,2.966667,0.765747,16.100191,4.2753
179,2.983333,0.769757,16.262482,4.338147
180,3.0,0.446076,16.389601,4.389625
181,3.016667,0.207378,16.52014,4.41506
182,3.033333,0.451684,16.610157,4.433991
183,3.05,0.160295,16.696354,4.443707
184,3.066667,0.183542,16.765867,4.462021
185,3.083333,0.168698,16.844427,4.478875
186,3.1,0.12691,16.900747,4.490657
187,3.116667,0.153646,16.964565,4.499261
188,3.133333,0.405191,17.003403,4.494452
189,3.15,0.12776,17.046337,4.493797
190,3.166667,0.125729,17.079323,4.495872
191,3.183333,0.135382,17.129253,4.497786
192,3.2,0.121545,17.154062,4.503426
193,3.216667,0.096285,17.155937,4.498911
194,3.233333,0.118351,17.186892,4.50666
195,3.25,0.394479,17.199566,4.495254
196,3.266667,0.134948,17.24118,4.504026
197,3.283333,0.083872,17.236858,4.509431
198,3.3,0.133507,17.236441,4.516155
199,3.316667,0.151424,17.244427,4.521739
200,3.333333,0.117934,17.266737,4.539559
201,3.35,0.418976,17.285191,4.535695
202,3.366667,0.121788,17.301701,4.547534
203,3.383333,0.141458,17.310556,4.551363
204,3.4,0.118524,17.333178,4.559583
205,3.416667,0.144132,17.341753,4.574322
206,3.433333,0.118281,17.338751,4.578146
207,3.45,0.400521,17.360001,4.593307
208,3.466667,0.147066,17.390713,4.607582
209,3.483333,0.141493,17.424706,4.620178
210,3.5,0.10724,17.438402,4.628221
211,3.516667,0.152726,17.486858,4.643558
212,3.533333,0.147656,17.528507,4.65401
213,3.55,0.405833,17.557951,4.681364
214,3.566667,0.170382,17.60486,4.690406
215,3.583333,0.155833,17.661667,4.70101
216,3.6,0.171372,17.708975,4.710725
217,3.616667,0.135122,17.739237,4.714431
218,3.633333,0.154948,17.786476,4.723893
219,3.65,0.418924,17.83901,4.745283
220,3.666667,0.172622,17.88118,4.754134
221,3.683333,0.128924,17.917049,4.766466
222,3.7,0.118368,17.945105,4.770494
223,3.716667,0.173993,17.998333,4.789726
224,3.733333,0.149722,18.036285,4.794311
225,3.75,0.409826,18.048195,4.794449
226,3.766667,0.146406,18.081303,4.795732
227,3.783333,0.134028,18.11026,4.808134
228,3.8,0.152795,18.155104,4.8164
229,3.816667,0.122031,18.164982,4.81628
230,3.833333,0.135156,18.209167,4.819914
231,3.85,0.438924,18.249514,4.795214
232,3.866667,0.14566,18.2775,4.806314
233,3.883333,0.141528,18.28632,4.815082
234,3.9,0.114931,18.306042,4.819339
235,3.916667,0.152118,18.339479,4.82996
236,3.933333,0.116962,18.35047,4.834724
237,3.95,0.418924,18.346163,4.826433
238,3.966667,0.106267,18.350868,4.833321
239,3.983333,0.184288,18.397865,4.844028
240,4.0,0.114549,18.404671,4.849526
241,4.016667,0.139253,18.417152,4.859321
242,4.033333,0.134236,18.432535,4.863362
243,4.05,0.439913,18.459808,4.894361
244,4.066667,0.126198,18.493021,4.899074
245,4.083333,0.148802,18.512899,4.902736
246,4.1,0.130278,18.526789,4.903879
247,4.116667,0.108299,18.546476,4.909643
248,4.133333,0.171719,18.568403,4.918928
249,4.15,0.401198,18.564878,4.95139
250,4.166667,0.186875,18.616198,4.970137
251,4.183333,0.127778,18.639009,4.985489
252,4.2,0.168872,18.654757,4.992892
253,4.216667,0.130781,18.6854,5.008754
254,4.233333,0.127083,18.710329,5.02355
255,4.25,0.118212,18.723368,5.027436
256,4.266667,0.432049,18.758125,5.044834
257,4.283333,0.097448,18.762379,5.043009
258,4.3,0.121337,18.795521,5.04917
259,4.316667,0.125313,18.799583,5.044604
260,4.333333,0.109705,18.799982,5.04133
261,4.35,0.133351,18.825659,5.051262
262,4.366667,0.104132,18.837605,5.060819
263,4.383333,0.446719,18.872829,5.045532
264,4.4,0.139288,18.884235,5.04874
265,4.416667,0.129184,18.934601,5.065239
266,4.433333,0.117778,18.938038,5.068986
267,4.45,0.121406,18.967987,5.074797
268,4.466667,0.102135,18.966753,5.075077
269,4.483333,0.120885,18.991667,5.083234
270,4.5,0.420764,19.014029,5.057604
271,4.516667,0.109983,19.048281,5.064602
272,4.533333,0.111267,19.062847,5.068961
273,4.55,0.112795,19.057692,5.070253
274,4.566667,0.104306,19.066545,5.073287
275,4.583333,0.128403,19.06974,5.077242
276,4.6,0.435052,19.073854,5.073056
277,4.616667,0.996042,18.951319,5.054662
278,4.633333,1.354601,18.689323,4.837817
279,4.65,2.183663,18.272917,4.52025
280,4.666667,1.964566,17.622969,4.017962
281,4.683333,1.439149,16.683784,3.302192
282,4.7,0.567118,16.224201,2.937361
283,4.716667,0.047309,16.236719,2.937552
284,4.733333,0.059549,16.246754,2.946383
285,4.75,0.054514,16.259983,2.949846
286,4.766667,0.126788,16.262362,2.924908
287,4.783333,0.057049,16.288021,2.927426
288,4.8,0.094705,16.275782,2.935913
289,4.816667,0.355191,16.297014,2.87424
290,4.833333,0.250486,16.311424,2.897991
291,4.85,0.269201,16.296562,2.903826
292,4.866667,0.58875,16.309931,2.9357
293,4.883333,0.751684,16.321058,2.963317
294,4.9,0.769306,16.328907,2.980351
295,4.916667,0.834549,16.310226,2.974983
296,4.933333,1.109236,16.27224,2.990516
297,4.95,1.413056,16.254566,2.913501
298,4.966667,1.711649,16.240208,2.866954
299,4.983333,1.946285,16.199444,2.786172
300,5.0,12.904358,17.03356,2.407333
301,5.016667,2.000174,16.957794,2.390446
302,5.033333,1.448524,16.898472,2.307414
303,5.05,1.461233,16.888039,2.215662
304,5.066667,1.238698,16.851423,2.240319
305,5.083333,0.887222,16.846111,2.224878
306,5.1,0.752066,16.842171,2.22562
307,5.116667,0.747309,16.829895,2.274946
308,5.133333,0.577326,16.83066,2.265155
309,5.15,0.503733,16.822657,2.254293
310,5.166667,0.269375,16.823767,2.264681
311,5.183333,0.328611,16.834635,2.278559
312,5.2,0.260069,16.837275,2.265473
313,5.216667,0.105365,16.844305,2.256091
314,5.233333,0.056198,16.852587,2.261692
315,5.25,0.17401,16.778229,2.249703
316,5.266667,0.048785,16.781631,2.256493
317,5.283333,0.074115,16.798872,2.249495
318,5.3,0.045538,16.797674,2.239063
319,5.316667,0.034844,16.80415,2.24688
320,5.333333,0.07408,16.809687,2.240667
321,5.35,0.619288,17.300539,2.544153
322,5.366667,1.167274,17.961805,2.962363
323,5.383333,1.443507,18.512777,3.302257
324,5.4,1.583785,18.986841,3.576226
325,5.416667,1.45283,19.345156,3.797749
326,5.433333,1.277413,19.576666,3.928388
327,5.45,0.900156,19.749775,4.015294
328,5.466667,0.834913,19.897743,4.106197
329,5.483333,0.645799,19.926874,4.165251
330,5.5,0.463264,19.94389,4.173293
331,5.516667,0.354705,19.896961,4.154271
332,5.533333,0.243785,19.912657,4.146043
333,5.55,0.233142,19.876112,4.13561
334,5.566667,0.244323,19.80526,4.116012
335,5.583333,0.248194,19.798698,4.082538
336,5.6,0.248003,19.740417,4.045427
337,5.616667,0.401146,19.636457,3.978968
338,5.633333,0.555851,19.558212,3.921252
339,5.65,0.383872,19.447083,3.902301
340,5.666667,0.346146,19.469862,3.869726
341,5.683333,0.370521,19.470383,3.841435
342,5.7,0.437691,19.486511,3.820111
343,5.716667,0.377569,19.646648,3.816485
344,5.733333,0.429705,19.800486,3.786679
345,5.75,0.516684,19.937622,3.761415
346,5.766667,0.436823,20.160034,3.753109
347,5.783333,0.617899,20.388073,3.747849
348,5.8,0.522691,20.675035,3.747142
349,5.816667,0.884254,20.921719,3.740513
350,5.833333,0.622378,21.295313,3.716937
351,5.85,0.579601,21.567829,3.70638
352,5.866667,0.574306,21.828213,3.713285
353,5.883333,0.506059,22.061214,3.711916
354,5.9,0.388455,22.254358,3.710345
355,5.916667,0.52849,22.374619,3.727135
356,5.933333,0.365503,22.509775,3.745141
357,5.95,0.31967,22.655138,3.751383
358,5.966667,0.383628,22.86849,3.745141
359,5.983333,0.278941,22.949617,3.751424
360,6.0,0.392431,23.01441,3.756614
361,6.016667,0.257656,23.089081,3.749296
362,6.033333,0.153194,23.129601,3.748898
363,6.05,0.160156,23.173124,3.758405
364,6.066667,0.206684,23.254532,3.763368
365,6.083333,0.178507,23.271059,3.766417
366,6.1,0.147691,23.272882,3.76914
367,6.116667,0.154722,23.309549,3.763696
368,6.133333,0.163646,23.336424,3.760379
369,6.15,0.162622,23.403593,3.768897
370,6.166667,0.125885,23.423611,3.777087
371,6.183333,0.292795,23.446024,3.774865
372,6.2,0.122622,23.452812,3.778456
373,6.216667,0.142448,23.471441,3.776812
374,6.233333,0.190521,23.547239,3.784095
375,6.25,0.147326,23.570747,3.783706
376,6.266667,0.124288,23.578819,3.785203
377,6.283333,0.115938,23.600937,3.780805
378,6.3,0.140556,23.618126,3.780474
379,6.316667,0.154566,23.578386,3.783652
380,6.333333,0.138872,23.597153,3.781251
381,6.35,0.191528,23.651424,3.778945
382,6.366667,0.282656,23.675295,3.785241
383,6.383333,0.15724,23.682117,3.788292
384,6.4,0.113299,23.692951,3.781785
385,6.416667,0.125434,23.724358,3.782258
386,6.433333,0.113576,23.730989,3.778705
387,6.45,0.148403,23.736996,3.774169
388,6.466667,0.127778,23.751545,3.765654
389,6.483333,0.150382,23.768593,3.763628
390,6.5,0.256545,23.787603,3.762015
391,6.516667,0.116667,23.795729,3.756972
392,6.533333,0.300469,23.814253,3.766294
393,6.55,0.123872,23.832083,3.762707
394,6.566667,0.148177,23.882448,3.770733
395,6.583333,0.093958,23.898003,3.775284
396,6.6,0.143247,23.904827,3.780092
397,6.616667,0.129323,23.926094,3.790436
398,6.633333,0.183958,23.963455,3.792283
399,6.65,0.110573,23.975416,3.797215
400,6.666667,0.099757,23.992916,3.805466
401,6.683333,0.130382,24.004757,3.807002
402,6.7,0.160087,24.024357,3.814956
403,6.716667,0.270069,24.03665,3.80939
404,6.733333,0.129878,24.022049,3.816943
405,6.75,0.116684,24.037136,3.817627
406,6.766667,0.138906,24.038473,3.812551
407,6.783333,0.097917,24.056423,3.818938
408,6.8,0.155104,24.105904,3.822524
409,6.816667,0.125799,24.129723,3.826529
410,6.833333,0.13526,24.122587,3.825168
411,6.85,0.13533,24.154444,3.828309
412,6.866667,0.11,24.156944,3.824121
413,6.883333,0.121128,24.162378,3.83159
414,6.9,0.13625,24.167067,3.826178
415,6.916667,0.075764,24.185364,3.828634
416,6.933333,0.305035,24.198524,3.834826
417,6.95,0.105573,24.215242,3.836309
418,6.966667,0.131476,24.220503,3.834699
419,6.983333,0.097222,24.230053,3.837293
420,7.0,0.137326,24.247343,3.83345
421,7.016667,0.079306,24.252726,3.833939
422,7.033333,0.14,24.271059,3.828927
423,7.05,0.070104,24.273455,3.83428
424,7.066667,0.098142,24.293751,3.842804
425,7.083333,0.187066,24.271961,3.846272
426,7.1,0.41408,24.253298,3.838244
427,7.116667,0.927639,24.137188,3.78145
428,7.133333,1.511962,23.808941,3.579917
429,7.15,2.222188,23.293455,3.277184
430,7.166667,2.405191,22.50309,2.800122
431,7.183333,1.865278,21.388542,2.124352
432,7.2,0.656979,20.847048,1.788702
433,7.216667,0.036736,20.860556,1.780913
434,7.233333,0.04651,20.871927,1.775682
435,7.25,0.037465,20.876129,1.766433
436,7.266667,0.108698,20.88205,1.77286
437,7.283333,0.037309,20.887831,1.770598
438,7.3,0.095608,20.895695,1.771958
439,7.316667,0.096823,20.89922,1.771287
440,7.333333,0.237274,20.918264,1.770449
441,7.35,0.252049,20.912813,1.781676
442,7.366667,0.514687,20.941841,1.779344
443,7.383333,0.475365,20.94408,1.760056
444,7.4,0.676406,20.977257,1.776511
445,7.416667,0.588472,20.9825,1.765899
446,7.433333,0.636632,20.985451,1.762108
447,7.45,0.779375,21.048819,1.831378
448,7.466667,0.692187,21.099167,1.866136
449,7.483333,0.971875,21.142605,1.887139
450,7.5,10.429566,14.156754,1.839263
451,7.516667,1.064722,14.226059,1.959528
452,7.533333,1.02217,14.283055,1.999024
453,7.55,0.698733,14.320018,2.020525
454,7.566667,0.858021,14.354531,1.927616
455,7.583333,0.61349,14.370313,2.006615
456,7.6,0.597639,14.437222,2.056041
457,7.616667,0.766042,14.493507,2.121223
458,7.633333,0.576198,14.543386,2.178745
459,7.65,0.618854,14.578351,2.170175
460,7.666667,0.35316,14.619843,2.22289
461,7.683333,0.258194,14.6596,2.269876
462,7.7,0.172101,14.685382,2.275252
463,7.716667,0.16092,14.715191,2.255838
464,7.733333,0.399653,14.43224,2.279734
465,7.75,0.168194,14.458733,2.340332
466,7.766667,0.104167,14.47724,2.369152
467,7.783333,0.084618,14.497829,2.382007
468,7.8,0.083507,14.509531,2.381069
469,7.816667,0.09776,14.538507,2.384596
470,7.833333,0.094566,14.573004,2.395759
471,7.85,0.563767,15.044167,2.732887
472,7.866667,1.05776,15.707934,3.209177
473,7.883333,1.596788,16.596111,3.591753
474,7.9,1.284063,17.035452,3.916105
475,7.916667,1.147969,17.37026,4.16295
476,7.933333,1.021406,17.599409,4.334581
477,7.95,0.849306,17.777813,4.462626
478,7.966667,0.625851,17.917553,4.56288
479,7.983333,0.357899,18.018402,4.621457
480,8.0,0.352535,18.07361,4.642444
481,8.016667,0.338628,18.106962,4.660642
482,8.033333,0.126684,18.126909,4.668997
483,8.05,0.323368,18.148716,4.67891
484,8.066667,0.12158,18.153767,4.688197
485,8.083333,0.117222,18.163038,4.690471
486,8.1,0.08809,18.181372,4.691457
487,8.116667,0.105156,18.187881,4.695299
488,8.133333,0.107743,18.205278,4.69966
489,8.15,0.108108,18.214392,4.713167
490,8.166667,0.375486,18.224913,4.726028
491,8.183333,0.464757,18.560469,4.740224
492,8.2,0.099566,18.585312,4.749981
493,8.216667,0.089375,18.60257,4.758709
494,8.233333,0.147344,18.637726,4.76776
495,8.25,0.078941,18.642673,4.778315
496,8.266667,0.11724,18.672447,4.801271
497,8.283333,0.323212,18.68486,4.812566
498,8.3,0.12908,18.709879,4.835193
499,8.316667,0.114913,18.723368,4.850585
500,8.333333,0.158681,18.757639,4.866813
501,8.35,0.087205,18.775503,4.881654
502,8.366667,0.446892,18.460903,4.918465
503,8.383333,0.15809,18.48052,4.916687
504,8.4,0.641649,18.827309,4.917732
505,8.416667,0.133368,18.855677,4.933072
506,8.433333,0.096562,18.871407,4.936558
507,8.45,0.130677,18.900833,4.94174
508,8.466667,0.143299,18.91934,4.953653
509,8.483333,0.117483,18.93092,4.958148
510,8.5,0.394878,18.938786,4.944548
511,8.516667,0.181806,18.950798,4.954695
512,8.533333,0.11658,18.956232,4.943815
513,8.55,0.107743,18.974079,4.953121
514,8.566667,0.439201,19.294462,4.929584
515,8.583333,0.119826,19.299427,4.930717
516,8.6,0.138628,19.315243,4.939184
517,8.616667,0.355208,19.332882,4.943713
518,8.633333,0.13783,19.325954,4.938535
519,8.65,0.107205,19.33507,4.938486
520,8.666667,0.130399,19.345539,4.9429
521,8.683333,0.140417,19.360468,4.94521
522,8.7,0.130486,19.365364,4.928167
523,8.716667,0.370486,19.387587,4.943429
524,8.733333,0.097986,19.390781,4.955295
525,8.75,0.161128,19.419027,4.973658
526,8.766667,0.135764,19.433958,4.990107
527,8.783333,0.128194,19.423161,5.005291
528,8.8,0.150503,19.436024,5.012796
529,8.816667,0.126823,19.436354,5.022173
530,8.833333,0.35125,19.436146,5.029646
531,8.85,0.194201,19.43948,5.032658
532,8.866667,0.106181,19.461042,5.04275
533,8.883333,0.133785,19.460556,5.042154
534,8.9,0.121719,19.472378,5.048329
535,8.916667,0.114549,19.471268,5.057209
536,8.933333,0.355642,19.520382,5.069157
537,8.95,0.144236,19.527952,5.060252
538,8.966667,0.076545,19.530607,5.065434
539,8.983333,0.144219,19.535244,5.066028
540,9.0,0.376736,19.807951,5.046743
541,9.016667,0.118385,19.809288,5.039443
542,9.033333,0.098837,19.811527,5.044146
543,9.05,0.349948,19.830919,5.040305
544,9.066667,0.101302,19.841875,5.045295
545,9.083333,0.108663,19.846754,5.050857
546,9.1,0.147604,19.892656,5.063995
547,9.116667,0.104705,19.869549,5.05099
548,9.133333,0.179497,19.916788,5.072989
549,9.15,0.369375,19.902622,5.045046
550,9.166667,0.126493,19.938351,5.044849
551,9.183333,0.168142,19.951284,5.037983
552,9.2,0.124028,19.932535,5.048182
553,9.216667,0.12217,19.943176,5.052094
554,9.233333,0.103681,19.943073,5.038144
555,9.25,0.117865,19.967501,5.045822
556,9.266667,0.34474,19.965157,5.047756
557,9.283333,0.111597,19.97401,5.058393
558,9.3,0.108299,19.979843,5.050362
559,9.316667,0.109983,19.976181,5.045502
560,9.333333,0.143455,19.998594,5.039191
561,9.35,0.088837,20.017221,5.040446
562,9.366667,0.108628,20.024982,5.029601
563,9.383333,0.345955,20.044827,5.03199
564,9.4,0.106424,20.03434,5.026064
565,9.416667,0.083247,20.038975,5.020998
566,9.433333,0.102604,20.046059,5.006891
567,9.45,0.116372,20.041666,5.009447
568,9.466667,0.074861,20.042744,5.011989
569,9.483333,0.160122,20.064705,4.999879
570,9.5,0.10092,20.06625,4.991493
571,9.516667,0.297517,20.068247,4.988615
572,9.533333,0.11434,20.086649,5.002359
573,9.55,0.154219,20.08132,5.005431
574,9.566667,0.104687,20.102985,5.01025
575,9.583333,0.142344,20.110851,5.024916
576,9.6,0.343507,20.078524,5.007249
577,9.616667,0.661493,19.953003,4.926239
578,9.633333,1.934965,20.258558,4.733468
579,9.65,1.823802,19.760521,4.41003
580,9.666667,1.94099,19.009531,3.890626
581,9.683333,1.57901,17.937153,3.145409
582,9.7,0.598403,17.416492,2.771389
583,9.716667,0.031372,17.410051,2.782302
584,9.733333,0.03151,17.430868,2.783526
585,9.75,0.051979,17.438786,2.793335
586,9.766667,0.028194,17.436285,2.790402
587,9.783333,0.041701,17.432188,2.789023
588,9.8,0.031944,17.444098,2.788171
589,9.816667,0.21151,17.441685,2.755364
590,9.833333,0.097049,17.429115,2.763624
591,9.85,0.444132,17.472101,2.800172
592,9.866667,0.281701,17.46526,2.730875
593,9.883333,0.52059,17.4396,2.741818
594,9.9,0.567604,17.433142,2.716892
595,9.916667,0.545451,17.424427,2.793539
596,9.933333,0.698194,17.413177,2.793526
597,9.95,1.267795,17.367569,2.754927
598,9.966667,1.429045,17.298454,2.791915
599,9.983333,2.071493,17.2654,2.771674
600,10.0,7.198576,16.40349,3.015035
601,10.016667,2.668073,16.279688,2.932338
602,10.033333,2.024427,16.193281,2.951679
603,10.05,1.34066,16.183386,2.970482
604,10.066667,1.224132,16.18078,3.042686
605,10.083333,0.61875,16.20356,3.047462
606,10.1,0.521007,16.169565,2.946572
607,10.116667,0.569878,16.133265,2.987031
608,10.133333,0.450833,16.132326,2.94458
609,10.15,0.266389,16.14559,3.013484
610,10.166667,0.441684,16.142101,2.969707
611,10.183333,0.072257,16.144566,2.972325
612,10.2,0.220573,16.156424,3.029413
613,10.216667,0.040677,16.163593,3.02896
614,10.233333,0.039323,16.172638,3.029905
615,10.25,0.042726,16.188351,3.030413
616,10.266667,0.045799,16.205816,3.034738
617,10.283333,0.058455,16.222569,3.033641
618,10.3,0.065069,16.249861,3.021795
619,10.316667,0.051753,16.275816,3.020731
620,10.333333,0.059948,16.310034,3.021045
621,10.35,0.492847,16.748194,3.282364
622,10.366667,0.937483,17.343662,3.66063
623,10.383333,1.187413,17.842083,3.963026
624,10.4,1.277743,18.25757,4.185966
625,10.416667,1.138594,18.620295,4.376686
626,10.433333,1.031094,18.906042,4.485939
627,10.45,0.851615,19.150574,4.580329
628,10.466667,0.983941,19.699722,4.627874
629,10.483333,0.643594,19.863802,4.650694
630,10.5,0.176372,19.97868,4.6563
631,10.516667,0.358299,20.061806,4.663423
632,10.533333,0.170955,20.139393,4.672333
633,10.55,0.332326,20.197065,4.678124
634,10.566667,0.143767,20.255243,4.688598
635,10.583333,0.142188,20.306944,4.687838
636,10.6,0.110799,20.35507,4.699739
637,10.616667,0.114253,20.393803,4.706826
638,10.633333,0.145833,20.433281,4.726926
639,10.65,0.322535,20.473143,4.729866
640,10.666667,0.145087,20.500589,4.73648
641,10.683333,0.115295,20.538317,4.74631
642,10.7,0.115469,20.574028,4.762643
643,10.716667,0.08474,20.584497,4.762086
644,10.733333,0.095538,20.583923,4.758394
645,10.75,0.086771,20.595659,4.756379
646,10.766667,0.307135,20.612621,4.755541
647,10.783333,0.077431,20.617449,4.75594
648,10.8,0.096319,20.613073,4.758846
649,10.816667,0.109358,20.615313,4.756931
650,10.833333,0.113698,20.650677,4.760631
651,10.85,0.080521,20.657829,4.761552
652,10.866667,0.101094,20.659826,4.75702
653,10.883333,0.327535,20.662256,4.76876
654,10.9,0.096771,20.685104,4.775234
655,10.916667,0.120503,20.698456,4.772236
656,10.933333,0.076024,20.692257,4.767611
657,10.95,0.100313,20.718403,4.773419
658,10.966667,0.087222,20.722258,4.775442
659,10.983333,0.306563,20.730207,4.790559
660,11.0,0.12276,20.73019,4.787334
661,11.016667,0.104097,20.737135,4.785522
662,11.033333,0.096424,20.747622,4.787268
663,11.05,0.090278,20.757067,4.793632
664,11.066667,0.130799,20.767065,4.793727
665,11.083333,0.07125,20.767065,4.79158
666,11.1,0.312639,20.770191,4.792089
667,11.116667,0.083194,20.77599,4.795766
668,11.133333,0.15316,20.816338,4.803757
669,11.15,0.072899,20.824375,4.80294
670,11.166667,0.112118,20.84059,4.809884
671,11.183333,0.124705,20.834322,4.804332
672,11.2,0.311823,20.847292,4.808415
673,11.216667,0.389097,21.132431,4.804265
674,11.233333,0.084583,21.139097,4.799469
675,11.25,0.12658,21.140886,4.80791
676,11.266667,0.098715,21.161024,4.812392
677,11.283333,0.087812,21.169949,4.813438
678,11.3,0.306285,21.175989,4.807687
679,11.316667,0.127222,21.191164,4.818744
680,11.333333,0.10434,21.214254,4.821149
681,11.35,0.08941,21.222935,4.818989
682,11.366667,0.11158,21.234306,4.822552
683,11.383333,0.105434,21.237482,4.821121
684,11.4,0.34816,21.279566,4.801861
685,11.416667,0.104531,21.28875,4.803916
686,11.433333,0.098212,21.304705,4.801973
687,11.45,0.119878,21.305277,4.802664
688,11.466667,0.070556,21.311979,4.806674
689,11.483333,0.124531,21.322309,4.817203
690,11.5,0.333837,21.327084,4.83856
691,11.516667,0.107795,21.341753,4.838857
692,11.533333,0.092222,21.345921,4.841053
693,11.55,0.108594,21.366735,4.848968
694,11.566667,0.092726,21.363628,4.846266
695,11.583333,0.074149,21.367882,4.845081
696,11.6,0.120972,21.385,4.848265
697,11.616667,0.322604,21.402847,4.864129
698,11.633333,0.114896,21.401424,4.858856
699,11.65,0.065833,21.406355,4.857167
700,11.666667,0.114323,21.436197,4.861066
701,11.683333,0.096892,21.456701,4.866878
702,11.7,0.120156,21.45665,4.866069
703,11.716667,0.32474,21.466528,4.870424
704,11.733333,0.105017,21.477308,4.878193
705,11.75,0.081406,21.494549,4.881903
706,11.766667,0.109306,21.488472,4.875712
707,11.783333,0.080503,21.496962,4.87608
708,11.8,0.089757,21.518072,4.881577
709,11.816667,0.098368,21.5254,4.880028
710,11.833333,0.310399,21.524097,4.875091
711,11.85,0.076858,21.529324,4.876514
712,11.866667,0.115781,21.548195,4.881656
713,11.883333,0.087448,21.569183,4.886917
714,11.9,0.10309,21.578421,4.887926
715,11.916667,0.07316,21.577795,4.876738
716,11.933333,0.108993,21.578003,4.879092
717,11.95,0.331372,21.603298,4.875877
718,11.966667,0.084792,21.605799,4.874572
719,11.983333,0.092326,21.60486,4.866828
720,12.0,0.092656,21.608593,4.877846
721,12.016667,0.092865,21.625521,4.868928
722,12.033333,0.682743,22.229584,4.877563
723,12.05,0.07125,22.233126,4.876544
724,12.066667,0.099566,22.252726,4.88068
725,12.083333,0.344861,22.272692,4.876509
726,12.1,0.314444,22.250469,4.887818
727,12.116667,0.577465,22.159081,4.858818
728,12.133333,1.339427,21.906563,4.702936
729,12.15,1.776979,21.470243,4.405631
730,12.166667,1.89408,20.851198,3.992976
731,12.183333,1.431927,19.940451,3.398004
732,12.2,0.51408,19.504219,3.094073
733,12.216667,0.035434,19.51132,3.096458
734,12.233333,0.045069,19.515104,3.102873
735,12.25,0.033299,19.528854,3.106856
736,12.266667,0.032135,19.524496,3.101639
737,12.283333,0.094392,19.532951,3.095959
738,12.3,0.032865,19.540295,3.095157
739,12.316667,0.119097,19.533247,3.081074
740,12.333333,0.140938,19.555086,3.067356
741,12.35,0.199792,19.554775,3.098059
742,12.366667,0.269618,19.549982,3.072943
743,12.383333,0.458455,19.535313,3.062696
744,12.4,0.705295,19.552725,3.030223
745,12.416667,0.516059,19.546076,3.029379
746,12.433333,0.696111,19.535765,2.98865
747,12.45,0.970868,19.510937,2.928002
748,12.466667,0.86467,19.479706,2.920283
749,12.483333,1.135208,19.412691,2.833523
750,12.5,7.485955,13.67,2.022841
751,12.516667,1.490781,13.629983,1.998854
752,12.533333,1.20717,13.589167,2.024053
753,12.55,0.880503,13.550087,1.995028
754,12.566667,0.943385,13.524097,1.89991
755,12.583333,0.747205,13.499948,1.876861
756,12.6,0.585764,13.498351,1.914167
757,12.616667,0.770226,13.513784,1.96382
758,12.633333,0.4875,13.526667,1.968295
759,12.65,0.29342,13.532587,1.921243
760,12.666667,0.215104,13.558524,1.954606
761,12.683333,0.114392,13.572257,1.960443
762,12.7,0.108038,13.589288,1.960465
763,12.716667,0.041597,13.608698,1.962523
764,12.733333,0.112448,13.618542,1.946801
765,12.75,0.032135,13.633455,1.950454
766,12.766667,0.04026,13.653577,1.961964
767,12.783333,0.04099,13.663976,1.960495
768,12.8,0.041181,13.676128,1.958667
769,12.816667,0.031962,13.687778,1.959047
770,12.833333,0.046962,13.707448,1.962845
771,12.85,0.434358,14.102187,2.254365
772,12.866667,0.853004,14.653142,2.668569
773,12.883333,1.356962,14.795834,3.003196
774,12.9,1.082309,15.159636,3.27185
775,12.916667,1.106389,15.444392,3.490735
776,12.933333,0.948698,15.6575,3.637036
777,12.95,1.067674,16.116041,3.749551
778,12.966667,0.567396,16.246737,3.825061
779,12.983333,0.337674,16.33802,3.874654
780,13.0,0.326806,16.396008,3.899941
781,13.016667,0.32934,16.434166,3.914814
782,13.033333,0.14658,16.464462,3.930807
783,13.05,0.137431,16.481684,3.934353
784,13.066667,0.1225,16.500399,3.940443
785,13.083333,0.125677,16.525278,3.948121
786,13.1,0.265052,16.553558,3.968609
787,13.116667,0.113872,16.572083,3.973149
788,13.133333,0.198333,16.60243,3.981457
789,13.15,0.220972,16.623159,3.987719
790,13.166667,0.105868,16.643507,3.997782
791,13.183333,0.128472,16.660973,3.997907
792,13.2,0.142813,16.677221,4.001046
793,13.216667,0.120694,16.695555,4.009862
794,13.233333,0.292465,16.711493,4.029408
795,13.25,0.127882,16.731527,4.046557
796,13.266667,0.429913,17.047831,4.052515
797,13.283333,0.138333,17.068975,4.061434
798,13.3,0.12566,17.0879,4.072085
799,13.316667,0.214965,17.107136,4.080726
800,13.333333,0.11342,17.125938,4.087301
801,13.35,0.220503,17.140087,4.078821
802,13.366667,0.236701,17.146997,4.088707
803,13.383333,0.14408,17.154583,4.086082
804,13.4,0.141649,17.16165,4.086049
805,13.416667,0.173594,17.172916,4.092312
806,13.433333,0.137205,17.179184,4.099999
807,13.45,0.122049,17.198107,4.109014
808,13.466667,0.172483,17.20882,4.120062
809,13.483333,0.247726,17.214045,4.128901
810,13.5,0.155694,17.216997,4.136767
811,13.516667,0.120799,17.235086,4.146585
812,13.533333,0.267969,17.258854,4.139621
813,13.55,0.118872,17.276615,4.148021
814,13.566667,0.182483,17.279549,4.163981
815,13.583333,0.152361,17.280312,4.166327
816,13.6,0.259688,17.29566,4.159992
817,13.616667,0.132535,17.297049,4.163699
818,13.633333,0.13441,17.311354,4.17151
819,13.65,0.121094,17.30842,4.172313
820,13.666667,0.183247,17.322847,4.166611
821,13.683333,0.129549,17.328333,4.167207
822,13.7,0.114323,17.329149,4.164159
823,13.716667,0.252708,17.338871,4.181823
824,13.733333,0.251024,17.346424,4.1793
825,13.75,0.181892,17.346615,4.168795
826,13.766667,0.189861,17.376997,4.164852
827,13.783333,0.135434,17.378611,4.170806
828,13.8,0.154809,17.392065,4.177902
829,13.816667,0.133542,17.401857,4.178998
830,13.833333,0.430538,17.664549,4.178013
831,13.85,0.266024,17.668385,4.190571
832,13.866667,0.118316,17.667465,4.191512
833,13.883333,0.157309,17.669044,4.194366
834,13.9,0.211302,17.668577,4.202308
835,13.916667,0.199097,17.683611,4.207669
836,13.933333,0.109253,17.690121,4.204334
837,13.95,0.152014,17.705746,4.205859
838,13.966667,0.235764,17.710468,4.214695
839,13.983333,0.148958,17.716753,4.207838
840,14.0,0.16691,17.746441,4.20469
841,14.016667,0.163698,17.754618,4.207345
842,14.033333,0.120556,17.758402,4.206485
843,14.05,0.154913,17.768871,4.220052
844,14.066667,0.156667,17.762205,4.23316
845,14.083333,0.367274,17.763992,4.241386
846,14.1,0.134913,17.767551,4.240498
847,14.116667,0.153819,17.773003,4.245372
848,14.133333,0.126615,17.783333,4.254207
849,14.15,0.122274,17.784914,4.25322
850,14.166667,0.16901,17.794167,4.254206
851,14.183333,0.121944,17.79677,4.257282
852,14.2,0.140295,17.803698,4.25685
853,14.216667,0.25375,17.81085,4.247849
854,14.233333,0.139774,17.835625,4.235916
855,14.25,0.162292,17.842501,4.232502
856,14.266667,0.10066,17.846006,4.230205
857,14.283333,0.236771,17.863438,4.217531
858,14.3,0.118611,17.865381,4.21327
859,14.316667,0.14125,17.886284,4.216149
860,14.333333,0.110538,17.88592,4.21478
861,14.35,0.30125,17.896233,4.202631
862,14.366667,0.105885,17.901007,4.2032
863,14.383333,0.146927,17.907866,4.196468
864,14.4,0.131146,17.914532,4.196509
865,14.416667,0.104549,17.93047,4.197261
866,14.433333,0.166615,17.931978,4.189212
867,14.45,0.129028,17.938959,4.190897
868,14.466667,0.104566,17.941267,4.193213
869,14.483333,0.358281,17.943853,4.194077
870,14.5,0.137378,17.958454,4.20608
871,14.516667,0.098264,17.964254,4.210329
872,14.533333,0.161944,17.967484,4.211876
873,14.55,0.094913,17.974167,4.220326
874,14.566667,0.669479,18.550625,4.223002
875,14.583333,0.14651,18.553942,4.220302
876,14.6,0.34776,18.537119,4.228817
877,14.616667,0.757118,18.430208,4.171581
878,14.633333,1.220156,18.192587,4.005945
879,14.65,1.708229,17.777899,3.68915
880,14.666667,1.722448,17.17802,3.224813
881,14.683333,1.308576,16.307985,2.557866
882,14.7,0.497135,15.878316,2.219654
883,14.716667,0.033108,15.882049,2.221082
884,14.733333,0.036302,15.881511,2.223698
885,14.75,0.035851,15.887118,2.228399
886,14.766667,0.031441,15.885712,2.222395
887,14.783333,0.105781,15.893646,2.23671
888,14.8,0.036667,15.896076,2.234654
889,14.816667,0.101267,15.897934,2.236593
890,14.833333,0.296441,15.90691,2.194741
891,14.85,0.576319,15.918403,2.201656
892,14.866667,0.381233,15.933386,2.180053
893,14.883333,0.585885,15.930799,2.207966
894,14.9,0.747413,15.94585,2.244754
895,14.916667,0.904878,15.969201,2.321522
896,14.933333,0.929878,15.990816,2.344196
897,14.95,1.191319,16.017622,2.244965
898,14.966667,1.482135,16.012327,2.322715
899,14.983333,1.795573,16.106789,2.334678
900,15.0,7.125607,11.407187,1.777206
901,15.016667,2.427552,11.492274,1.783778
902,15.033333,1.873819,11.542552,1.806876
903,15.05,1.695833,11.578212,1.927089
904,15.066667,1.204583,11.609739,1.883584
905,15.083333,1.167674,11.701371,1.73208
906,15.1,1.290538,12.067534,1.922911
907,15.116667,1.205017,12.52408,1.985471
908,15.133333,0.956319,12.889948,2.078588
909,15.15,0.775747,13.218542,2.095378
910,15.166667,0.881788,13.502726,2.089059
911,15.183333,0.63033,13.755034,2.135343
912,15.2,0.343559,13.960711,2.134941
913,15.216667,0.255781,14.105486,2.135421
914,15.233333,0.301753,14.249531,2.160414
915,15.25,0.236059,14.391111,2.152754
916,15.266667,0.186649,14.503837,2.151442
917,15.283333,0.181684,14.61059,2.153485
918,15.3,0.190052,14.697448,2.157127
919,15.316667,0.222483,14.847535,2.189681
920,15.333333,0.20658,14.959427,2.200715
921,15.35,0.704809,15.571736,2.510705
922,15.366667,1.230417,16.367188,2.927157
923,15.383333,1.459531,17.031267,3.303197
924,15.4,1.510226,17.582256,3.579607
925,15.416667,1.360677,18.032795,3.804607
926,15.433333,1.168021,18.358906,3.929508
927,15.45,0.978507,18.618212,4.083597
928,15.466667,0.731788,18.815834,4.1412
929,15.483333,0.527378,19.024843,4.266753
930,15.5,0.460764,19.153246,4.340461
931,15.516667,0.435972,19.248768,4.380446
932,15.533333,0.214375,19.333698,4.431727
933,15.55,0.205156,19.420242,4.473653
934,15.566667,0.442049,19.521181,4.526296
935,15.583333,0.199809,19.591059,4.575514
936,15.6,0.206215,19.697483,4.650809
937,15.616667,0.187205,19.758888,4.687952
938,15.633333,0.164253,19.810955,4.719709
939,15.65,0.157708,19.861025,4.740021
940,15.666667,0.16151,19.905729,4.760223
941,15.683333,0.386528,19.94125,4.772568
942,15.7,0.160434,20.001059,4.80303
943,15.716667,0.151215,20.041302,4.8304
944,15.733333,0.135052,20.085485,4.854721
945,15.75,0.147135,20.127171,4.872948
946,15.766667,0.123056,20.153872,4.890306
947,15.783333,0.138108,20.168299,4.89589
948,15.8,0.390625,20.200035,4.90855
949,15.816667,0.157517,20.21106,4.91473
950,15.833333,0.141267,20.253403,4.928047
951,15.85,0.112309,20.25606,4.929154
952,15.866667,0.131163,20.285244,4.923266
953,15.883333,0.130122,20.301544,4.926565
954,15.9,0.126198,20.323195,4.929152
955,15.916667,0.402101,20.335155,4.937038
956,15.933333,0.116285,20.342726,4.948619
957,15.95,0.117934,20.361979,4.961789
958,15.966667,0.140938,20.377222,4.98133
959,15.983333,0.122726,20.39776,4.996067
960,16.0,0.134201,20.411718,5.007226
961,16.016667,0.382066,20.422777,5.016452
962,16.033333,0.147552,20.434601,5.022275
963,16.05,0.107674,20.438456,5.023859
964,16.066667,0.135729,20.447378,5.022898
965,16.083333,0.093646,20.457066,5.022171
966,16.1,0.152292,20.470226,5.021853
967,16.116667,0.095486,20.4704,5.022555
968,16.133333,0.363733,20.470346,5.022835
969,16.15,0.108333,20.485868,5.031619
970,16.166667,0.144531,20.495434,5.039764
971,16.183333,0.170139,20.51144,5.034225
972,16.2,0.095712,20.513681,5.033497
973,16.216667,0.132691,20.535851,5.034753
974,16.233333,0.109115,20.545416,5.03641
975,16.25,0.363993,20.551945,5.028756
976,16.266667,0.154097,20.561146,5.02423
977,16.283333,0.126458,20.575277,5.028051
978,16.3,0.162813,20.582777,5.028946
979,16.316667,0.105087,20.589809,5.031942
980,16.333333,0.130729,20.602655,5.03106
981,16.35,0.385903,20.614775,5.032213
982,16.366667,0.130677,20.634132,5.034509
983,16.383333,0.149444,20.644375,5.048807
984,16.4,0.097274,20.646025,5.056142
985,16.416667,0.135556,20.656858,5.05731
986,16.433333,0.100295,20.659687,5.056445
987,16.45,0.3875,20.66132,5.070449
988,16.466667,0.11908,20.681719,5.072568
989,16.483333,0.146337,20.684513,5.068429
990,16.5,0.139583,20.714582,5.073832
991,16.516667,0.147587,20.718212,5.0704
992,16.533333,0.123177,20.723021,5.067537
993,16.55,0.14684,20.749792,5.055182
994,16.566667,0.371736,20.74066,5.048211
995,16.583333,0.127431,20.740868,5.048624
996,16.6,0.159792,20.754965,5.061501
997,16.616667,0.107674,20.75132,5.060316
998,16.633333,0.145365,20.7729,5.07267
999,16.65,0.124531,20.775833,5.07662
1000,16.666667,0.174306,20.810034,5.085336
1001,16.683333,0.363993,20.807743,5.086028
1002,16.7,0.139878,20.817865,5.090514
1003,16.716667,0.13158,20.819826,5.0797
1004,16.733333,0.106927,20.829462,5.077527
1005,16.75,0.123854,20.831337,5.073563
1006,16.766667,0.148247,20.842987,5.079663
1007,16.783333,0.121319,20.851875,5.07963
1008,16.8,0.362083,20.858889,5.077903
1009,16.816667,0.105312,20.869097,5.076325
1010,16.833333,0.124809,20.882483,5.081842
1011,16.85,0.161042,20.887691,5.059642
1012,16.866667,0.115069,20.899254,5.067295
1013,16.883333,0.109097,20.904011,5.065418
1014,16.9,0.115139,20.911926,5.064324
1015,16.916667,0.349184,20.921249,5.063652
1016,16.933333,0.119028,20.924341,5.074545
1017,16.95,0.125885,20.936615,5.076567
1018,16.966667,0.0925,20.93783,5.075799
1019,16.983333,0.128125,20.948212,5.069364
1020,17.0,0.110347,20.956198,5.059455
1021,17.016667,0.084896,20.970226,5.069056
1022,17.033333,0.130156,20.979097,5.067144
1023,17.05,0.395608,20.99231,5.079446
1024,17.066667,0.085677,21.000834,5.082845
1025,17.083333,0.141927,20.992205,5.083112
1026,17.1,0.361823,20.976284,5.080939
1027,17.116667,0.67276,20.831268,5.030253
1028,17.133333,1.494236,20.482725,4.843289
1029,17.15,1.98592,19.938368,4.550059
1030,17.166667,2.196927,19.125538,4.102067
1031,17.183333,1.789375,17.950781,3.453365
1032,17.2,0.67125,17.371927,3.125429
1033,17.216667,0.057222,17.382761,3.138994
1034,17.233333,0.079844,17.378542,3.132259
1035,17.25,0.079132,17.390036,3.141087
1036,17.266667,0.058976,17.38974,3.137339
1037,17.283333,0.152674,17.399635,3.119747
1038,17.3,0.139965,17.420816,3.104588
1039,17.316667,0.263663,17.417534,3.109282
1040,17.333333,0.496424,17.425383,3.13723
1041,17.35,0.244931,17.403507,3.127536
1042,17.366667,0.648316,17.400261,3.115373
1043,17.383333,0.84401,17.403646,3.054311
1044,17.4,1.072587,17.397587,3.0612
1045,17.416667,1.089896,17.39283,3.028817
1046,17.433333,1.57276,17.353022,3.022057
1047,17.45,1.989896,17.337397,3.097279
1048,17.466667,2.450781,17.305677,2.982423
1049,17.483333,2.879062,17.2279,3.008728
1050,17.5,7.944722,13.19151,2.030505
1051,17.516667,3.0725,13.084948,1.910422
1052,17.533333,2.667639,13.015885,1.933688
1053,17.55,2.22684,12.993906,1.884472
1054,17.566667,1.759271,12.971198,1.925835
1055,17.583333,1.580608,12.958368,1.873243
1056,17.6,1.145174,12.935035,1.804696
1057,17.616667,0.967517,12.933073,1.86648
1058,17.633333,1.131997,12.972083,1.826348
1059,17.65,0.959358,13.064184,1.830671
1060,17.666667,0.705486,13.121337,1.862666
1061,17.683333,0.873229,13.176198,1.916602
1062,17.7,0.787778,13.217622,1.950363
1063,17.716667,0.671979,13.278247,1.975158
1064,17.733333,0.704514,13.331233,1.9892
1065,17.75,0.5725,13.37842,1.971726
1066,17.766667,0.54026,13.413021,1.966089
1067,17.783333,0.601319,13.549548,2.046367
1068,17.8,0.64316,13.730278,2.131184
1069,17.816667,0.649879,13.895018,2.186707
1070,17.833333,0.734653,14.071371,2.273111
1071,17.85,1.245764,14.7496,2.667281
1072,17.866667,1.795903,15.625295,3.156799
1073,17.883333,2.062344,16.371876,3.595891
1074,17.9,1.939965,16.974827,3.939562
1075,17.916667,2.088715,17.49243,4.212792
1076,17.933333,1.682431,17.819166,4.40357
1077,17.95,1.399826,18.037083,4.516768
1078,17.966667,1.075226,18.220921,4.630773
1079,17.983333,0.769497,18.344202,4.698679
1080,18.0,0.67316,18.419861,4.68857
1081,18.016667,0.500208,18.482605,4.715215
1082,18.033333,0.552778,18.522015,4.729579
1083,18.05,0.301146,18.526424,4.722257
1084,18.066667,0.315365,18.550642,4.7246
1085,18.083333,0.435972,18.576754,4.718193
1086,18.1,0.258438,18.592657,4.728298
1087,18.116667,0.254792,18.628143,4.753859
1088,18.133333,0.234635,18.640867,4.758319
1089,18.15,0.196302,18.638247,4.760897
1090,18.166667,0.220833,18.65085,4.77099
1091,18.183333,0.341858,18.652674,4.774292
1092,18.2,0.187309,18.653456,4.770723
1093,18.216667,0.191806,18.67231,4.779078
1094,18.233333,0.289861,18.689497,4.793125
1095,18.25,0.205712,18.691319,4.786289
1096,18.266667,0.176337,18.700294,4.775342
1097,18.283333,0.199479,18.710815,4.774494
1098,18.3,0.171146,18.721441,4.771505
1099,18.316667,0.187622,18.731632,4.768587
1100,18.333333,0.149358,18.750364,4.769099
1101,18.35,0.244149,18.742535,4.765356
1102,18.366667,0.137569,18.744097,4.756661
1103,18.383333,0.173802,18.747066,4.753225
1104,18.4,0.355,18.773386,4.761534
1105,18.416667,0.199462,18.794445,4.779041
1106,18.433333,0.17842,18.811234,4.798784
1107,18.45,0.136562,18.806232,4.789831
1108,18.466667,0.267014,18.815468,4.791813
1109,18.483333,0.168941,18.824965,4.796618
1110,18.5,0.144063,18.828299,4.798067
1111,18.516667,0.165556,18.849201,4.811455
1112,18.533333,0.162014,18.84309,4.800735
1113,18.55,0.168247,18.862934,4.810904
1114,18.566667,0.160903,18.848072,4.802421
1115,18.583333,0.178698,18.855034,4.799595
1116,18.6,0.341806,18.858681,4.800811
1117,18.616667,0.254878,18.873489,4.807528
1118,18.633333,0.158611,18.897829,4.814544
1119,18.65,0.158594,18.891285,4.808956
1120,18.666667,0.198108,18.904774,4.823256
1121,18.683333,0.180833,18.920086,4.823066
1122,18.7,0.110417,18.920052,4.826513
1123,18.716667,0.29842,18.946459,4.836606
1124,18.733333,0.144115,18.936718,4.826438
1125,18.75,0.176007,18.967865,4.850267
1126,18.766667,0.20158,18.961876,4.839664
1127,18.783333,0.143976,18.983385,4.843232
1128,18.8,0.344601,19.01507,4.857482
1129,18.816667,0.141597,19.002048,4.846898
1130,18.833333,0.265955,19.031996,4.848464
1131,18.85,0.226823,19.021423,4.845428
1132,18.866667,0.152378,19.025711,4.841856
1133,18.883333,0.17974,19.02486,4.832763
1134,18.9,0.142743,19.031389,4.831697
1135,18.916667,0.157014,19.054966,4.849841
1136,18.933333,0.146476,19.043524,4.840148
1137,18.95,0.330938,19.071857,4.857924
1138,18.966667,0.148021,19.062239,4.85358
1139,18.983333,0.178681,19.08349,4.859678
1140,19.0,0.131337,19.089445,4.862728
1141,19.016667,0.338594,19.08849,4.84565
1142,19.033333,0.198767,19.102362,4.856463
1143,19.05,0.148038,19.099289,4.849703
1144,19.066667,0.27526,19.129478,4.866322
1145,19.083333,0.129479,19.129583,4.867033
1146,19.1,0.192795,19.137308,4.860948
1147,19.116667,0.137101,19.150139,4.860291
1148,19.133333,0.202413,19.154427,4.840954
1149,19.15,0.14625,19.165815,4.843093
1150,19.166667,0.153507,19.175955,4.843073
1151,19.183333,0.1275,19.181961,4.845531
1152,19.2,0.302431,19.185574,4.84472
1153,19.216667,0.332274,19.201736,4.846871
1154,19.233333,0.189479,19.208334,4.849262
1155,19.25,0.136615,19.228039,4.854959
1156,19.266667,0.161875,19.213629,4.843286
1157,19.283333,0.145451,19.231615,4.852351
1158,19.3,0.141111,19.232691,4.855947
1159,19.316667,0.24941,19.246788,4.861322
1160,19.333333,0.199705,19.253645,4.861996
1161,19.35,0.132274,19.266891,4.865731
1162,19.366667,0.150677,19.275555,4.874609
1163,19.383333,0.151389,19.280972,4.875411
1164,19.4,0.166528,19.286667,4.874426
1165,19.416667,0.103594,19.304739,4.892824
1166,19.433333,0.365729,19.304079,4.896027
1167,19.45,0.258819,19.308004,4.89243
1168,19.466667,0.147622,19.317673,4.902177
1169,19.483333,0.130938,19.321667,4.904802
1170,19.5,0.139306,19.32132,4.912034
1171,19.516667,0.118264,19.319618,4.911448
1172,19.533333,0.166337,19.323803,4.913994
1173,19.55,0.138924,19.335815,4.92339
1174,19.566667,0.121563,19.344393,4.927332
1175,19.583333,0.279392,19.349548,4.930343
1176,19.6,0.318247,19.322065,4.936265
1177,19.616667,0.91342,19.187292,4.875143
1178,19.633333,1.70941,18.838194,4.680861
1179,19.65,2.267257,18.266251,4.322316
1180,19.666667,2.388472,17.4275,3.817617
1181,19.683333,1.826684,16.228003,3.084238
1182,19.7,0.686337,15.626041,2.711388
1183,19.716667,0.046111,15.624306,2.71108
1184,19.733333,0.063767,15.630191,2.712333
1185,19.75,0.054358,15.625451,2.712266
1186,19.766667,0.120365,15.626407,2.693928
1187,19.783333,0.214705,15.640347,2.720862
1188,19.8,0.13033,15.645851,2.72061
1189,19.816667,0.183854,15.650295,2.701314
1190,19.833333,0.416076,15.662344,2.676144
1191,19.85,0.46592,15.667604,2.733595
1192,19.866667,0.671094,15.673282,2.736984
1193,19.883333,0.914236,15.695295,2.737651
1194,19.9,1.106649,15.725625,2.688282
1195,19.916667,1.486163,15.760225,2.809508
1196,19.933333,1.620382,15.817448,2.790167
1197,19.95,2.026667,15.88415,2.911477
1198,19.966667,2.192587,15.970972,2.94622
1199,19.983333,2.524132,16.090799,3.006845
1200,20.0,7.451719,11.523316,1.948153
1201,20.016667,3.212621,11.672222,2.016607
1202,20.033333,3.521285,11.804028,2.29396
1203,20.05,3.472587,11.934601,2.437386
1204,20.066667,3.479254,12.061215,2.47162
1205,20.083333,3.345451,12.146423,2.434079
1206,20.1,3.418646,12.185555,2.53536
1207,20.116667,2.838924,12.198091,2.570342
1208,20.133333,2.175035,12.175902,2.339809
1209,20.15,1.797014,12.121979,2.39527
1210,20.166667,1.374236,12.074202,2.180092
1211,20.183333,1.18184,12.001597,2.169457
1212,20.2,0.699201,11.946076,2.123982
1213,20.216667,0.48651,11.86283,2.088896
1214,20.233333,0.477691,11.828368,2.066027
1215,20.25,0.204531,11.771996,2.093186
1216,20.266667,0.147274,11.730556,2.1115
1217,20.283333,0.071649,11.689254,2.102125
1218,20.3,0.072691,11.692951,2.101801
1219,20.316667,0.093316,11.681059,2.108817
1220,20.333333,0.041215,11.717066,2.126728
1221,20.35,2.545816,14.112361,3.093095
1222,20.366667,4.942361,17.390451,4.438944
1223,20.383333,6.106389,20.110903,5.550716
1224,20.4,6.529045,22.326475,6.453134
1225,20.416667,6.244601,24.035973,7.145634
1226,20.433333,5.552535,25.329584,7.682356
1227,20.45,4.73026,26.265537,8.032167
1228,20.466667,3.980174,27.071405,8.353372
1229,20.483333,3.228455,27.638958,8.573814
1230,20.5,2.58033,27.955816,8.665165
1231,20.516667,2.108403,28.217934,8.69908
1232,20.533333,1.636962,28.315798,8.721423
1233,20.55,1.362604,28.372673,8.731206
1234,20.566667,1.318733,28.390537,8.715661
1235,20.583333,1.086823,28.367083,8.704293
1236,20.6,1.197552,28.347136,8.67894
1237,20.616667,1.024097,28.35026,8.674196
1238,20.633333,0.811163,28.35066,8.655369
1239,20.65,0.630955,28.338142,8.651843
1240,20.666667,0.657361,28.368143,8.677976
1241,20.683333,0.808854,28.379635,8.707946
1242,20.7,0.514965,28.352308,8.704615
1243,20.716667,0.398212,28.388021,8.735871
1244,20.733333,0.414167,28.399027,8.735896
1245,20.75,0.312309,28.409636,8.731992
1246,20.766667,0.381771,28.432344,8.737117
1247,20.783333,0.565243,28.433247,8.742759
1248,20.8,0.339028,28.476128,8.751975
1249,20.816667,0.876128,28.467083,8.73013
1250,20.833333,0.321458,28.502014,8.749039
1251,20.85,0.218212,28.498594,8.722569
1252,20.866667,0.285625,28.518282,8.72284
1253,20.883333,0.253073,28.533541,8.729892
1254,20.9,0.623281,28.561441,8.726382
1255,20.916667,0.268924,28.59981,8.727901
1256,20.933333,0.354236,28.596336,8.726974
1257,20.95,0.277326,28.658108,8.766455
1258,20.966667,0.217882,28.635607,8.755767
1259,20.983333,0.256181,28.669531,8.753087
1260,21.0,0.571354,28.683247,8.757103
1261,21.016667,0.229184,28.688229,8.7528
1262,21.033333,0.230191,28.691164,8.765749
1263,21.05,0.299323,28.732847,8.773054
1264,21.066667,0.290885,28.748629,8.774746
1265,21.083333,0.509045,28.752188,8.777651
1266,21.1,0.247986,28.795729,8.80623
1267,21.116667,0.13191,28.792707,8.806489
1268,21.133333,0.276198,28.829601,8.80722
1269,21.15,0.168021,28.836649,8.816494
1270,21.166667,0.260208,28.843975,8.81411
1271,21.183333,0.992309,28.89889,8.816422
1272,21.2,0.14724,28.90394,8.814972
1273,21.216667,0.297795,28.926737,8.809284
1274,21.233333,0.15099,28.932831,8.804626
1275,21.25,0.240729,28.984253,8.821001
1276,21.266667,0.222743,28.977934,8.824722
1277,21.283333,0.603785,28.976753,8.838266
1278,21.3,0.244566,29.039652,8.867779
1279,21.316667,0.167552,29.038038,8.869119
1280,21.333333,0.275017,29.066736,8.872642
1281,21.35,0.21125,29.074549,8.888699
1282,21.366667,0.634722,29.095104,8.893702
1283,21.383333,0.589878,29.082794,8.88283
1284,21.4,0.499809,29.113369,8.902421
1285,21.416667,0.229948,29.159218,8.914984
1286,21.433333,0.172674,29.143906,8.905854
1287,21.45,0.250573,29.186459,8.917058
1288,21.466667,0.195469,29.188072,8.922224
1289,21.483333,0.594583,29.218906,8.936033
1290,21.5,0.160868,29.22967,8.950668
1291,21.516667,0.262674,29.263039,8.955686
1292,21.533333,0.522726,29.24361,8.941889
1293,21.55,0.260104,29.282049,8.941635
1294,21.566667,0.246233,29.330919,8.959693
1295,21.583333,0.17901,29.325903,8.955171
1296,21.6,0.629201,29.350487,8.946424
1297,21.616667,0.176632,29.360624,8.95069
1298,21.633333,0.247951,29.382881,8.940088
1299,21.65,0.187656,29.398176,8.954265
1300,21.666667,0.247587,29.452812,8.975315
1301,21.683333,0.180191,29.453316,8.975789
1302,21.7,0.623646,29.448351,8.9506
1303,21.716667,0.618125,29.494566,8.978697
1304,21.733333,0.160955,29.510555,8.98938
1305,21.75,0.22566,29.534966,8.987838
1306,21.766667,0.159462,29.545782,8.994235
1307,21.783333,0.260851,29.55007,8.983206
1308,21.8,0.170486,29.535418,8.960711
1309,21.816667,0.58349,29.582865,8.961122
1310,21.833333,0.183958,29.607622,8.969195
1311,21.85,0.227604,29.648525,8.972425
1312,21.866667,0.173333,29.637865,8.961306
1313,21.883333,0.235799,29.663628,8.963106
1314,21.9,0.487778,29.677795,8.975811
1315,21.916667,0.23375,29.713594,8.986694
1316,21.933333,0.952639,29.706718,8.964302
1317,21.95,0.230469,29.75559,8.981502
1318,21.966667,0.131545,29.744427,8.970146
1319,21.983333,0.186736,29.734566,8.961368
1320,22.0,0.245486,29.784914,8.984424
1321,22.016667,0.111285,29.789982,8.984008
1322,22.033333,0.247726,29.818819,8.982028
1323,22.05,0.550069,29.806494,8.979513
1324,22.066667,0.231962,29.839357,8.972176
1325,22.083333,0.175313,29.825781,8.983768
1326,22.1,1.444201,29.631927,8.955343
1327,22.116667,3.254879,28.942986,8.802957
1328,22.133333,6.070209,27.279306,8.181826
1329,22.15,8.461389,24.618994,7.204282
1330,22.166667,9.936684,20.607796,5.650619
1331,22.183333,8.327309,14.936528,3.432818
1332,22.2,3.318021,12.674201,2.588912
1333,22.216667,0.150764,12.6075,2.556923
1334,22.233333,0.128837,12.56658,2.556051
1335,22.25,0.111649,12.543299,2.55155
1336,22.266667,0.223073,12.498316,2.481484
1337,22.283333,0.401753,12.467257,2.5011
1338,22.3,0.620278,12.448298,2.409016
1339,22.316667,0.581198,12.395677,2.485964
1340,22.333333,0.755903,12.370364,2.555496
1341,22.35,1.23434,12.367344,2.511869
1342,22.366667,1.370295,12.366284,2.383042
1343,22.383333,2.35691,12.374687,2.548292
1344,22.4,2.764427,12.345157,2.489078
1345,22.416667,3.293177,12.293263,2.39916
1346,22.433333,3.588958,12.204479,2.304201
1347,22.45,3.926684,12.1304,2.178989
1348,22.466667,3.731441,12.07257,2.193114
1349,22.483333,3.523715,11.914618,2.116913
1350,22.5,3.935,10.88743,1.403901
1351,22.516667,2.518316,10.672135,1.328228
1352,22.533333,2.125313,10.526719,1.197898
1353,22.55,1.828733,10.423646,1.125731
1354,22.566667,1.676042,10.354792,1.041708
1355,22.583333,1.407014,10.288229,1.057056
1356,22.6,1.168802,10.258455,1.034572
1357,22.616667,0.962118,10.227796,1.010274
1358,22.633333,0.822847,10.210052,0.988081
1359,22.65,0.502483,10.20559,0.995204
1360,22.666667,0.414913,10.184045,0.965015
1361,22.683333,0.270799,10.185225,0.978152
1362,22.7,0.155694,10.186927,0.976564
1363,22.716667,0.154444,10.18151,1.007468
1364,22.733333,0.101476,10.184861,0.998435
1365,22.75,0.062726,10.202795,0.998347
1366,22.766667,0.04434,10.186059,1.013013
1367,22.783333,0.016389,10.19585,1.021077
1368,22.8,0.034045,10.218993,1.031897
1369,22.816667,0.035642,10.21915,1.046344
1370,22.833333,0.021181,10.234531,1.060255
1371,22.85,0.91099,11.100486,1.642265
1372,22.866667,1.870486,12.333542,2.462771
1373,22.883333,2.337448,13.340157,3.181661
1374,22.9,2.488819,14.144011,3.714
1375,22.916667,2.204861,14.79658,4.167947
1376,22.933333,1.911944,15.282101,4.457859
1377,22.95,1.577448,15.647604,4.741348
1378,22.966667,1.178351,15.950503,4.906393
1379,22.983333,0.694132,16.147379,5.027164
1380,23.0,0.673472,16.276058,5.112126
1381,23.016667,0.604323,16.355347,5.165536
1382,23.033333,0.183976,16.404114,5.200597
1383,23.05,0.598125,16.445469,5.232005
1384,23.066667,0.244774,16.484549,5.258759
1385,23.083333,0.175365,16.512032,5.279584
1386,23.1,0.169462,16.552361,5.300942
1387,23.116667,0.177743,16.575972,5.3136
1388,23.133333,0.180399,16.602655,5.330153
1389,23.15,0.154288,16.612465,5.342181
1390,23.166667,0.628802,16.641996,5.348178
1391,23.183333,0.161337,16.648645,5.355676
1392,23.2,0.22224,16.6721,5.371968
1393,23.216667,0.157726,16.676285,5.37559
1394,23.233333,0.256354,16.686459,5.389029
1395,23.25,0.141372,16.700573,5.396162
1396,23.266667,0.205191,16.73,5.410589
1397,23.283333,0.601441,16.736025,5.421076
1398,23.3,0.192257,16.762135,5.421448
1399,23.316667,0.29849,16.766285,5.418078
1400,23.333333,0.281753,16.779253,5.419322
1401,23.35,0.150104,16.782829,5.41493
1402,23.366667,0.185104,16.794081,5.422603
1403,23.383333,0.174722,16.794983,5.422843
1404,23.4,0.618976,16.797638,5.408102
1405,23.416667,0.291892,16.826685,5.423758
1406,23.433333,0.163316,16.824827,5.428667
1407,23.45,0.207865,16.833941,5.436964
1408,23.466667,0.193368,16.838211,5.443186
1409,23.483333,0.170365,16.83493,5.440707
1410,23.5,0.649688,16.833263,5.455482
1411,23.516667,0.193125,16.856493,5.463948
1412,23.533333,0.170799,16.857153,5.460219
1413,23.55,0.206615,16.872761,5.458841
1414,23.566667,0.311042,16.878525,5.448618
1415,23.583333,0.194948,16.878819,5.441607
1416,23.6,0.209028,16.886457,5.444168
1417,23.616667,0.597309,16.886059,5.438906
1418,23.633333,0.169062,16.893942,5.450436
1419,23.65,0.191163,16.901632,5.462737
1420,23.666667,0.279375,16.909063,5.474462
1421,23.683333,0.208872,16.932655,5.481428
1422,23.7,0.172691,16.934618,5.491032
1423,23.716667,0.641979,16.951492,5.496401
1424,23.733333,0.163368,16.948854,5.499104
1425,23.75,0.248941,16.952553,5.502616
1426,23.766667,0.215972,16.956997,5.503802
1427,23.783333,0.246285,16.96224,5.512407
1428,23.8,0.214288,16.981667,5.525452
1429,23.816667,0.230486,16.977465,5.521775
1430,23.833333,0.700851,17.003038,5.539736
1431,23.85,0.179722,17.006683,5.54814
1432,23.866667,0.197691,17.009167,5.550545
1433,23.883333,0.207847,17.004202,5.552239
1434,23.9,0.208715,17.009167,5.557711
1435,23.916667,0.264549,17.01507,5.56682
1436,23.933333,0.617431,17.012291,5.566433
1437,23.95,0.219705,17.050121,5.586221
1438,23.966667,0.164323,17.049723,5.590086
1439,23.983333,0.191806,17.054756,5.596613
1440,24.0,0.220868,17.06118,5.603273
1441,24.016667,0.23776,17.068455,5.600189
1442,24.033333,0.60059,17.059219,5.579241
1443,24.05,0.202031,17.069584,5.576689
1444,24.066667,0.275694,17.083368,5.585701
1445,24.083333,0.205451,17.084652,5.57804
1446,24.1,0.223681,17.109341,5.583502
1447,24.116667,0.167795,17.113073,5.589619
1448,24.133333,0.240608,17.11861,5.585855
1449,24.15,0.62151,17.123108,5.597119
1450,24.166667,0.242951,17.118559,5.599525
1451,24.183333,0.16625,17.124878,5.599814
1452,24.2,0.253872,17.135416,5.614687
1453,24.216667,0.203472,17.139896,5.620072
1454,24.233333,0.150903,17.139723,5.625735
1455,24.25,0.221233,17.163906,5.633872
1456,24.266667,0.698368,17.164845,5.644733
1457,24.283333,0.188229,17.168629,5.648869
1458,24.3,0.164931,17.172794,5.655516
1459,24.316667,0.267743,17.186337,5.66347
1460,24.333333,0.158177,17.185904,5.663484
1461,24.35,0.222986,17.190069,5.669997
1462,24.366667,0.226562,17.200659,5.67702
1463,24.383333,0.646597,17.219479,5.695174
1464,24.4,0.162083,17.210659,5.686197
1465,24.416667,0.177188,17.234896,5.69795
1466,24.433333,0.167934,17.238871,5.705094
1467,24.45,0.225938,17.251926,5.715002
1468,24.466667,0.136615,17.251459,5.715786
1469,24.483333,0.159931,17.250208,5.71726
1470,24.5,0.664549,17.264687,5.722561
1471,24.516667,0.146771,17.265139,5.720537
1472,24.533333,0.163125,17.259409,5.725844
1473,24.55,0.21467,17.266649,5.730248
1474,24.566667,0.154774,17.288681,5.741233
1475,24.583333,0.170677,17.274948,5.732731
1476,24.6,0.645312,17.21665,5.706824
1477,24.616667,1.316424,16.914497,5.565398
1478,24.633333,2.671458,16.303663,5.194809
1479,24.65,3.599531,15.273958,4.54519
1480,24.666667,4.043125,13.754375,3.55101
1481,24.683333,3.168837,11.607553,2.090708
1482,24.7,1.343212,10.726562,1.51584
1483,24.716667,0.301215,10.926909,1.685878
1484,24.733333,0.225747,11.007483,1.773081
1485,24.75,0.195556,10.997552,1.778634
1486,24.766667,0.219705,10.912118,1.724163
1487,24.783333,0.170729,10.883299,1.700537
1488,24.8,0.244306,10.872674,1.6936
1489,24.816667,0.366684,10.864601,1.656602
1490,24.833333,0.326458,10.868836,1.656646
1491,24.85,0.444722,10.882413,1.680892
1492,24.866667,0.523542,10.903524,1.694304
1493,24.883333,0.744983,10.99868,1.708365
1494,24.9,0.872899,11.065295,1.705856
1495,24.916667,1.092656,11.16875,1.729605
1496,24.933333,1.461528,11.319931,1.725542
1497,24.95,1.770694,11.513194,1.724859
1498,24.966667,2.244444,11.734792,1.678483
1499,24.983333,2.579253,11.978177,1.63539
1500,25.0,3.135504,12.10625,1.589971
1501,25.016667,3.3175,12.359409,1.569967
1502,25.033333,3.080538,12.534149,1.570391
1503,25.05,2.777361,12.67474,1.565551
1504,25.066667,2.348663,12.801076,1.591838
1505,25.083333,1.888247,12.88842,1.55432
1506,25.1,1.445833,12.949705,1.541467
1507,25.116667,1.12691,13.004149,1.567197
1508,25.133333,1.017656,13.05816,1.514407
1509,25.15,0.687986,13.097847,1.549857
1510,25.166667,0.560816,13.141094,1.554804
1511,25.183333,0.345868,13.173386,1.592961
1512,25.2,0.384392,13.187534,1.602823
1513,25.216667,0.205,13.203506,1.631342
1514,25.233333,0.087778,13.21,1.632681
1515,25.25,0.061944,13.225521,1.645048
1516,25.266667,0.038646,13.235625,1.658162
1517,25.283333,0.015625,13.233958,1.657936
1518,25.3,0.014392,13.2279,1.652317
1519,25.316667,0.012031,13.235312,1.659209
1520,25.333333,0.00658,13.23533,1.65975
1521,25.35,0.653003,13.855035,2.03327
1522,25.366667,1.363715,14.70809,2.558721
1523,25.383333,1.741163,15.40967,2.969643
1524,25.4,1.913177,15.970451,3.315385
1525,25.416667,1.684375,16.406181,3.570758
1526,25.433333,1.214392,16.702864,3.768349
1527,25.45,1.232083,16.928282,3.868048
1528,25.466667,0.922431,17.109358,3.989825
1529,25.483333,0.479444,17.2171,4.038471
1530,25.5,0.476285,17.271858,4.040561
1531,25.516667,0.094306,17.30547,4.046059
1532,25.533333,0.100399,17.321388,4.044623
1533,25.55,0.054236,17.32184,4.043194
1534,25.566667,0.103524,17.340157,4.054442
1535,25.583333,0.460156,17.351215,4.054501
1536,25.6,0.079358,17.346128,4.051446
1537,25.616667,0.083837,17.348194,4.053788
1538,25.633333,0.091736,17.352535,4.058422
1539,25.65,0.072882,17.35059,4.058524
1540,25.666667,0.080677,17.358004,4.066815
1541,25.683333,0.462587,17.356285,4.062339
1542,25.7,0.083681,17.360069,4.061502
1543,25.716667,0.081892,17.355295,4.059377
1544,25.733333,0.112882,17.38269,4.070836
1545,25.75,0.08901,17.392118,4.078857
1546,25.766667,0.458976,17.395504,4.070436
1547,25.783333,0.072083,17.398142,4.070611
1548,25.8,0.077222,17.4046,4.072618
1549,25.816667,0.104028,17.396961,4.058242
1550,25.833333,0.099531,17.389896,4.056449
1551,25.85,0.474184,17.400885,4.060519
1552,25.866667,0.119757,17.407413,4.05482
1553,25.883333,0.094809,17.406181,4.05272
1554,25.9,0.089062,17.408438,4.052317
1555,25.916667,0.474392,17.406858,4.070122
1556,25.933333,0.095295,17.401667,4.066743
1557,25.95,0.095226,17.41835,4.070741
1558,25.966667,0.101233,17.414202,4.065435
1559,25.983333,0.108646,17.416529,4.060136
1560,26.0,0.463333,17.413681,4.055385
1561,26.016667,0.118698,17.422968,4.056736
1562,26.033333,0.103056,17.416822,4.050195
1563,26.05,0.088142,17.412743,4.042605
1564,26.066667,0.460816,17.415852,4.04087
1565,26.083333,0.085903,17.417553,4.038066
1566,26.1,0.108021,17.422066,4.035818
1567,26.116667,0.076493,17.419462,4.028762
1568,26.133333,0.109913,17.430174,4.032403
1569,26.15,0.468559,17.429739,4.02049
1570,26.166667,0.11151,17.435625,4.020954
1571,26.183333,0.113316,17.447344,4.022971
1572,26.2,0.063993,17.449982,4.02353
1573,26.216667,0.483281,17.442917,4.01055
1574,26.233333,0.089253,17.441545,4.009083
1575,26.25,0.082378,17.448021,4.008866
1576,26.266667,0.111406,17.449705,4.010468
1577,26.283333,0.107031,17.46611,4.014766
1578,26.3,0.472587,17.474079,4.022534
1579,26.316667,0.073247,17.473125,4.020338
1580,26.333333,0.09816,17.470346,4.017738
1581,26.35,0.101528,17.469028,4.018278
1582,26.366667,0.44599,17.473524,4.032945
1583,26.383333,0.104774,17.472673,4.032411
1584,26.4,0.114983,17.488281,4.031419
1585,26.416667,0.099358,17.496597,4.029992
1586,26.433333,0.074219,17.49769,4.025888
1587,26.45,0.460694,17.492796,4.029697
1588,26.466667,0.066545,17.492466,4.028908
1589,26.483333,0.119965,17.497673,4.036646
1590,26.5,0.067552,17.498524,4.036478
1591,26.516667,0.467309,17.495277,4.033405
1592,26.533333,0.095347,17.494444,4.034258
1593,26.55,0.100729,17.504723,4.029591
1594,26.566667,0.112795,17.512135,4.028487
1595,26.583333,0.060052,17.512291,4.026247
1596,26.6,0.478108,17.518837,4.012825
1597,26.616667,0.069358,17.520555,4.014916
1598,26.633333,0.086562,17.52177,4.012412
1599,26.65,0.092986,17.525555,4.01195
1600,26.666667,0.086736,17.538507,4.014879
1601,26.683333,0.488247,17.540955,3.993177
1602,26.7,0.104601,17.550417,3.993486
1603,26.716667,0.087309,17.557171,3.994951
1604,26.733333,0.085191,17.557465,3.994548
1605,26.75,0.085573,17.559393,4.00139
1606,26.766667,0.482569,17.559219,4.024536
1607,26.783333,0.087691,17.562847,4.027029
1608,26.8,0.081823,17.56151,4.026957
1609,26.816667,0.09658,17.577326,4.031387
1610,26.833333,0.071094,17.570364,4.033331
1611,26.85,0.468993,17.577761,4.044425
1612,26.866667,0.067882,17.576614,4.044756
1613,26.883333,0.114601,17.589792,4.047923
1614,26.9,0.066528,17.589895,4.047625
1615,26.916667,0.08691,17.594688,4.047539
1616,26.933333,0.472951,17.593124,4.058214
1617,26.95,0.090955,17.598803,4.061063
1618,26.966667,0.070972,17.602379,4.063478
1619,26.983333,0.054219,17.604097,4.063608
1620,27.0,0.100885,17.618107,4.068332
1621,27.016667,0.458872,17.620209,4.067091
1622,27.033333,0.069566,17.623663,4.067051
1623,27.05,0.072222,17.621233,4.06455
1624,27.066667,0.094826,17.6304,4.063385
1625,27.083333,0.082917,17.624428,4.06348
1626,27.1,0.095503,17.581562,4.063321
1627,27.116667,1.361875,17.422951,3.977284
1628,27.133333,1.826111,17.001667,3.782478
1629,27.15,2.891146,16.314306,3.358689
1630,27.166667,3.032448,15.291858,2.772695
1631,27.183333,2.216719,13.84059,1.93988
1632,27.2,0.75191,13.123438,1.526366
1633,27.216667,0.001788,13.122865,1.525948
1634,27.233333,0.003021,13.123872,1.526794
1635,27.25,0.002396,13.124045,1.526855
1636,27.266667,0.002847,13.124566,1.527675
1637,27.283333,0.210469,13.129167,1.500819
1638,27.3,0.221285,13.116944,1.496848
1639,27.316667,0.330417,13.111632,1.525233
1640,27.333333,0.605174,13.103958,1.478044
1641,27.35,0.785052,13.064531,1.521975
1642,27.366667,1.216944,13.044427,1.510016
1643,27.383333,1.638021,12.998178,1.478401
1644,27.4,2.018872,12.922569,1.451103
1645,27.416667,2.421233,12.803316,1.440531
1646,27.433333,2.959115,12.685243,1.420977
1647,27.45,3.620087,12.478907,1.39426
1648,27.466667,3.937083,12.204809,1.341255
1649,27.483333,3.878281,11.824166,1.231685
1650,27.5,3.512448,11.30474,1.119499
1651,27.516667,2.802326,10.794531,0.934857
1652,27.533333,1.974618,10.453246,0.830146
1653,27.55,1.487101,10.251701,0.747029
1654,27.566667,1.167795,10.106233,0.674759
1655,27.583333,0.91184,10.029253,0.646885
1656,27.6,0.698628,9.976806,0.626983
1657,27.616667,0.483663,9.935261,0.613741
1658,27.633333,0.340174,9.9154,0.607396
1659,27.65,0.231927,9.899028,0.596456
1660,27.666667,0.166076,9.892709,0.596346
1661,27.683333,0.111858,9.890295,0.594977
1662,27.7,0.058576,9.893524,0.594711
1663,27.716667,0.056111,9.887864,0.589761
1664,27.733333,0.049375,9.891615,0.591327
1665,27.75,0.015139,9.899045,0.593423
1666,27.766667,0.017049,9.90783,0.596216
1667,27.783333,0.014392,9.911736,0.596705
1668,27.8,0.014288,9.920538,0.603654
1669,27.816667,0.013681,9.926615,0.610907
1670,27.833333,0.014479,9.933386,0.619619
1671,27.85,1.13559,11.020018,1.176839
1672,27.866667,2.267292,12.546684,1.98288
1673,27.883333,2.592222,13.797309,2.633957
1674,27.9,2.789114,14.790556,3.148417
1675,27.916667,2.45316,15.565937,3.559716
1676,27.933333,2.142535,16.110209,3.84936
1677,27.95,1.697083,16.49757,4.047087
1678,27.966667,1.282743,16.844236,4.226093
1679,27.983333,0.703038,17.0571,4.325032
1680,28.0,0.663559,17.181423,4.374226
1681,28.016667,0.404948,17.24724,4.390584
1682,28.033333,0.212622,17.277256,4.403289
1683,28.05,0.075243,17.281389,4.402454
1684,28.066667,0.089184,17.295851,4.405918
1685,28.083333,0.095712,17.311911,4.408134
1686,28.1,0.144688,17.336145,4.418672
1687,28.116667,0.051597,17.338612,4.418633
1688,28.133333,0.408437,17.370522,4.422573
1689,28.15,0.071667,17.36764,4.421168
1690,28.166667,0.098299,17.366493,4.423642
1691,28.183333,0.084948,17.365364,4.427213
1692,28.2,0.205017,17.392742,4.434501
1693,28.216667,0.102986,17.402256,4.435666
1694,28.233333,0.119115,17.401615,4.443201
1695,28.25,0.063073,17.401701,4.447368
1696,28.266667,0.147014,17.425417,4.45422
1697,28.283333,0.050937,17.422916,4.455544
1698,28.3,0.105608,17.43092,4.459104
1699,28.316667,0.076285,17.434809,4.457226
1700,28.333333,0.146163,17.459305,4.45729
1701,28.35,0.193872,17.456232,4.448253
1702,28.366667,0.121476,17.485174,4.450523
1703,28.383333,0.095156,17.487482,4.451169
1704,28.4,0.105712,17.487431,4.455636
1705,28.416667,0.111823,17.509357,4.462821
1706,28.433333,0.106181,17.505053,4.458311
1707,28.45,0.127813,17.520121,4.458573
1708,28.466667,0.382795,17.522743,4.452307
1709,28.483333,0.11901,17.535051,4.452996
1710,28.5,0.210799,17.54533,4.434703
1711,28.516667,0.110382,17.545296,4.433687
1712,28.533333,0.098281,17.544409,4.433926
1713,28.55,0.144948,17.570435,4.440774
1714,28.566667,0.119931,17.579809,4.433806
1715,28.583333,0.071753,17.580381,4.433017
1716,28.6,0.147986,17.59691,4.430494
1717,28.616667,0.076997,17.596928,4.431096
1718,28.633333,0.145851,17.613159,4.448848
1719,28.65,0.191233,17.618212,4.454532
1720,28.666667,0.136094,17.627048,4.46123
1721,28.683333,0.132639,17.641701,4.47179
1722,28.7,0.072951,17.636841,4.474542
1723,28.716667,0.143264,17.638784,4.480169
1724,28.733333,0.092135,17.64658,4.489584
1725,28.75,0.133698,17.660381,4.497087
1726,28.766667,0.411927,17.660677,4.491528
1727,28.783333,0.347378,17.675138,4.502
1728,28.8,0.222292,17.694479,4.521219
1729,28.816667,0.091094,17.700573,4.520917
1730,28.833333,0.142274,17.702883,4.521979
1731,28.85,0.07941,17.701389,4.52124
1732,28.866667,0.141128,17.722067,4.529627
1733,28.883333,0.080538,17.716076,4.529254
1734,28.9,0.114601,17.726961,4.53555
1735,28.916667,0.148733,17.748056,4.547077
1736,28.933333,0.176198,17.753004,4.560902
1737,28.95,0.144201,17.770851,4.570666
1738,28.966667,0.065729,17.77335,4.573654
1739,28.983333,0.14309,17.777517,4.578273
1740,29.0,0.063472,17.781475,4.581014
1741,29.016667,0.138993,17.796511,4.580047
1742,29.033333,0.071198,17.80941,4.585873
1743,29.05,0.14191,17.812778,4.587037
1744,29.066667,0.422986,17.829895,4.597705
1745,29.083333,0.189479,17.827709,4.602144
1746,29.1,0.128785,17.836597,4.603594
1747,29.116667,0.080608,17.846233,4.604521
1748,29.133333,0.143385,17.861805,4.607817
1749,29.15,0.086753,17.861822,4.605529
1750,29.166667,0.14191,17.872656,4.609094
1751,29.183333,0.123559,17.869654,4.61418
1752,29.2,0.148507,17.877291,4.609165
1753,29.216667,0.132847,17.899513,4.609265
1754,29.233333,0.179497,17.898247,4.601505
1755,29.25,0.125816,17.907986,4.603216
1756,29.266667,0.063229,17.903542,4.599672
1757,29.283333,0.155278,17.931631,4.601525
1758,29.3,0.072778,17.93243,4.596974
1759,29.316667,0.131337,17.943733,4.592035
1760,29.333333,0.065226,17.94552,4.586534
1761,29.35,0.145677,17.973595,4.591689
1762,29.366667,0.063455,17.974792,4.594066
1763,29.383333,0.138837,17.994705,4.609366
1764,29.4,0.494462,17.991909,4.599605
1765,29.416667,0.092899,18.006615,4.605912
1766,29.433333,0.090781,18.003855,4.61041
1767,29.45,0.127361,18.010763,4.617584
1768,29.466667,0.079184,18.009809,4.622035
1769,29.483333,0.066181,18.011059,4.625037
1770,29.5,0.13283,18.026251,4.627117
1771,29.516667,0.050642,18.029324,4.631237
1772,29.533333,0.133003,18.056458,4.637785
1773,29.55,0.308524,18.057795,4.638202
1774,29.566667,0.109757,18.062864,4.646027
1775,29.583333,0.202517,18.078854,4.643328
1776,29.6,0.115017,18.094046,4.652356
1777,29.616667,0.059948,18.089132,4.652666
1778,29.633333,0.086719,18.085781,4.653084
1779,29.65,0.115851,18.106112,4.657268
1780,29.666667,0.060365,18.108837,4.667211
1781,29.683333,0.094028,18.111893,4.663899
1782,29.7,0.09283,18.115105,4.661664
1783,29.716667,0.101059,18.116962,4.67068
1784,29.733333,0.042066,18.119583,4.673521
1785,29.75,0.086944,18.120312,4.675379
1786,29.766667,0.110174,18.135937,4.682742
1787,29.783333,0.166875,18.138681,4.683827
1788,29.8,0.434844,18.154392,4.695113
1789,29.816667,0.045174,18.152412,4.69801
1790,29.833333,0.027326,18.154461,4.699161
1791,29.85,0.107118,18.166719,4.701447
1792,29.866667,0.064462,18.164167,4.700101
1793,29.883333,0.0175,18.164862,4.700537
1794,29.9,0.139913,18.182135,4.704213
1795,29.916667,0.036302,18.181631,4.705322
1796,29.933333,0.065851,18.188837,4.704666
1797,29.95,0.096632,18.210155,4.707035
1798,29.966667,0.045156,18.207743,4.706983
1799,29.983333,0.0375,18.211424,4.703385
